{"cameraMode":{"drawMode":0,"name":"Shaded","section":"Shading Mode"},"sceneLighting":true,"audioPlay":false,"sceneViewState":{"m_AlwaysRefresh":false,"showFog":true,"showSkybox":true,"showFlares":true,"showImageEffects":true,"showParticleSystems":true,"showVisualEffectGraphs":true,"m_FxEnabled":true},"in2DMode":false,"pivot":{"x":-3.2998666763305666,"y":7.7714152336120609,"z":-7.946500778198242},"rotation":{"x":0.09465785324573517,"y":-0.013134369626641274,"z":0.001250069122761488,"w":0.9954220652580261},"size":7.952299118041992,"orthographic":false}