{"cameraMode":{"drawMode":0,"name":"Shaded","section":"Shading Mode"},"sceneLighting":true,"audioPlay":false,"sceneViewState":{"m_AlwaysRefresh":false,"showFog":true,"showSkybox":true,"showFlares":true,"showImageEffects":true,"showParticleSystems":true,"showVisualEffectGraphs":true,"m_FxEnabled":true},"in2DMode":false,"pivot":{"x":-0.13263165950775147,"y":2.496220827102661,"z":2.4553847312927248},"rotation":{"x":0.007036085706204176,"y":0.991357147693634,"z":-0.059859372675418857,"w":0.11651096493005753},"size":3.5405795574188234,"orthographic":false}